{
  "batch_size": 16,
  "cnn_filters": [
    64,
    128
  ],
  "cnn_kernel_sizes": [
    3,
    3
  ],
  "dropout": 0.2668568956140872,
  "learning_rate": 0.002017927318147185,
  "lstm_units": 50,
  "num_epochs": 20
}