{
  "batch_size": 64,
  "cnn_filters": [
    32,
    64
  ],
  "cnn_kernel_sizes": [
    3,
    5
  ],
  "dropout": 0.13587336761974034,
  "learning_rate": 0.0013827093368482637,
  "lstm_units": 50,
  "num_epochs": 15
}