{
  "batch_size": 16,
  "cnn_filters": [
    64,
    128
  ],
  "cnn_kernel_sizes": [
    3,
    3
  ],
  "dropout": 0.30851561078484624,
  "learning_rate": 0.008515563156772639,
  "lstm_units": 100,
  "num_epochs": 15
}