{
  "batch_size": 32,
  "cnn_filters": [
    64,
    128
  ],
  "cnn_kernel_sizes": [
    5,
    5
  ],
  "dropout": 0.3430778372096527,
  "learning_rate": 0.0003279999490781564,
  "lstm_units": 50,
  "num_epochs": 10
}