{
  "batch_size": 16,
  "cnn_filters": [
    64,
    128
  ],
  "cnn_kernel_sizes": [
    3,
    3
  ],
  "dropout": 0.20747089703781457,
  "learning_rate": 0.00011523078531014327,
  "lstm_units": 50,
  "num_epochs": 20
}