{
  "batch_size": 32,
  "cnn_filters_1": 64,
  "cnn_filters_2": 64,
  "cnn_kernel_size": 5,
  "dropout_rate": 0.15940783292856328,
  "learning_rate": 0.00012039798844401123,
  "lstm_units": 100
}