{
  "batch_size": 64,
  "cnn_filters": [
    32,
    64
  ],
  "cnn_kernel_sizes": [
    5,
    5
  ],
  "dropout": 0.25045018695589044,
  "learning_rate": 0.00018580491530271928,
  "lstm_units": 100,
  "num_epochs": 20
}