{
  "batch_size": 16,
  "cnn_filters_1": 32,
  "cnn_filters_2": 32,
  "cnn_kernel_size": 5,
  "dropout_rate": 0.25954654274329325,
  "learning_rate": 0.0028709579817265064,
  "lstm_units": 64
}