{
  "batch_size": 16,
  "cnn_filters": [
    64,
    128
  ],
  "cnn_kernel_sizes": [
    5,
    5
  ],
  "dropout": 0.3628480410498597,
  "learning_rate": 0.0004555824311814447,
  "lstm_units": 50,
  "num_epochs": 10
}