{
  "batch_size": 32,
  "cnn_filters": [
    32,
    64
  ],
  "cnn_kernel_sizes": [
    5,
    5
  ],
  "dropout": 0.31255826810756526,
  "learning_rate": 0.0028242149225914835,
  "lstm_units": 64,
  "num_epochs": 15
}