{
  "batch_size": 64,
  "cnn_filters": [
    64,
    128
  ],
  "cnn_kernel_sizes": [
    5,
    5
  ],
  "dropout": 0.3702303963987472,
  "learning_rate": 0.0016241206474715793,
  "lstm_units": 50,
  "num_epochs": 10
}