{
  "batch_size": 64,
  "cnn_filters": [
    32,
    64
  ],
  "cnn_kernel_sizes": [
    3,
    3
  ],
  "dropout": 0.24563525072337386,
  "learning_rate": 0.0054986739787371685,
  "lstm_units": 64,
  "num_epochs": 15
}