{
  "batch_size": 32,
  "cnn_filters": [
    64,
    128
  ],
  "cnn_kernel_sizes": [
    3,
    3
  ],
  "dropout": 0.1564728001044161,
  "learning_rate": 0.0047815297942224244,
  "lstm_units": 50,
  "num_epochs": 10
}