{
  "batch_size": 64,
  "cnn_filters": [
    64,
    128
  ],
  "cnn_kernel_sizes": [
    3,
    3
  ],
  "dropout": 0.10776826816540895,
  "learning_rate": 0.00010359014367518353,
  "lstm_units": 64,
  "num_epochs": 10
}