{
  "batch_size": 64,
  "cnn_filters": [
    16,
    32
  ],
  "cnn_kernel_sizes": [
    3,
    5
  ],
  "dropout": 0.3206517153729602,
  "learning_rate": 0.0001749687836022559,
  "lstm_units": 32,
  "num_epochs": 15
}