{
  "batch_size": 64,
  "cnn_filters": [
    64,
    128
  ],
  "cnn_kernel_sizes": [
    3,
    3
  ],
  "dropout": 0.1684118163736128,
  "learning_rate": 0.005133747821901598,
  "lstm_units": 50,
  "num_epochs": 20
}