{
  "batch_size": 32,
  "cnn_filters": [
    32,
    64
  ],
  "cnn_kernel_sizes": [
    3,
    5
  ],
  "dropout": 0.24616702868798518,
  "learning_rate": 0.008154832569714186,
  "lstm_units": 32,
  "num_epochs": 15
}