{
  "batch_size": 64,
  "cnn_filters": [
    32,
    64
  ],
  "cnn_kernel_sizes": [
    3,
    5
  ],
  "dropout": 0.3102148543922344,
  "learning_rate": 0.00861627638144355,
  "lstm_units": 50,
  "num_epochs": 10
}