{
  "batch_size": 16,
  "cnn_filters": [
    32,
    64
  ],
  "cnn_kernel_sizes": [
    3,
    3
  ],
  "dropout": 0.1062705971226448,
  "learning_rate": 0.00015667260263003478,
  "lstm_units": 50,
  "num_epochs": 15
}