{
  "batch_size": 64,
  "cnn_filters": [
    16,
    32
  ],
  "cnn_kernel_sizes": [
    5,
    5
  ],
  "dropout": 0.15752186163083223,
  "learning_rate": 0.007277166542319972,
  "lstm_units": 100,
  "num_epochs": 10
}