{
  "batch_size": 32,
  "cnn_filters": [
    64,
    128
  ],
  "cnn_kernel_sizes": [
    3,
    3
  ],
  "dropout": 0.3164104276615872,
  "learning_rate": 0.0011682156936945226,
  "lstm_units": 32,
  "num_epochs": 10
}