{
  "batch_size": 16,
  "cnn_filters": [
    32,
    64
  ],
  "cnn_kernel_sizes": [
    5,
    5
  ],
  "dropout": 0.18617575500362232,
  "learning_rate": 0.0002653401732169504,
  "lstm_units": 100,
  "num_epochs": 15
}