{
  "batch_size": 32,
  "cnn_filters": [
    64,
    128
  ],
  "cnn_kernel_sizes": [
    3,
    5
  ],
  "dropout": 0.1825763455872657,
  "learning_rate": 0.0007995892724379955,
  "lstm_units": 32,
  "num_epochs": 10
}