{
  "batch_size": 32,
  "cnn_filters": [
    64,
    128
  ],
  "cnn_kernel_sizes": [
    3,
    5
  ],
  "dropout": 0.3580338251487074,
  "learning_rate": 0.009585668387771808,
  "lstm_units": 100,
  "num_epochs": 15
}