{
  "batch_size": 16,
  "cnn_filters": [
    32,
    64
  ],
  "cnn_kernel_sizes": [
    5,
    5
  ],
  "dropout": 0.2154975227115293,
  "learning_rate": 0.00031989756096311854,
  "lstm_units": 50,
  "num_epochs": 20
}