{
  "batch_size": 32,
  "cnn_filters": [
    32,
    64
  ],
  "cnn_kernel_sizes": [
    3,
    3
  ],
  "dropout": 0.10988990665837732,
  "learning_rate": 0.0006571855513281661,
  "lstm_units": 50,
  "num_epochs": 20
}