{
  "cnn_filters": [
    32,
    64
  ],
  "cnn_kernel_sizes": [
    3,
    5
  ],
  "lstm_units": 50,
  "dropout": 0.1857836047724653,
  "learning_rate": 0.0026416569874786293,
  "batch_size": 64,
  "num_epochs": 15
}