{
  "optimization_method": "Ray Tune",
  "timestamp": "20250613_162041",
  "best_config": {
    "cnn_filters": [
      32,
      64
    ],
    "cnn_kernel_sizes": [
      3,
      5
    ],
    "lstm_units": 50,
    "dropout": 0.1857836047724653,
    "learning_rate": 0.0026416569874786293,
    "batch_size": 64,
    "num_epochs": 15
  },
  "best_val_loss": 4.708601951599121,
  "total_trials": 12,
  "successful_trials": 12,
  "performance_stats": {
    "mean_val_loss": 4.9980043570200605,
    "std_val_loss": 0.11541876128149654,
    "min_val_loss": 4.708601951599121,
    "max_val_loss": 5.142336845397949
  }
}