{
  "batch_size": 64,
  "cnn_filters": [
    16,
    32
  ],
  "cnn_kernel_sizes": [
    3,
    3
  ],
  "dropout": 0.2441367088374111,
  "learning_rate": 0.00041044307180367805,
  "lstm_units": 100,
  "num_epochs": 10
}