{
  "batch_size": 64,
  "cnn_filters": [
    16,
    32
  ],
  "cnn_kernel_sizes": [
    5,
    5
  ],
  "dropout": 0.32390817584609344,
  "learning_rate": 0.007965649166693485,
  "lstm_units": 100,
  "num_epochs": 15
}