{
  "batch_size": 32,
  "cnn_filters": [
    16,
    32
  ],
  "cnn_kernel_sizes": [
    5,
    5
  ],
  "dropout": 0.36334246891346844,
  "learning_rate": 0.0007533509326788768,
  "lstm_units": 64,
  "num_epochs": 15
}