{
  "batch_size": 64,
  "cnn_filters": [
    32,
    64
  ],
  "cnn_kernel_sizes": [
    3,
    3
  ],
  "dropout": 0.25319274497455047,
  "learning_rate": 0.0030352203637453615,
  "lstm_units": 64,
  "num_epochs": 15
}