{
  "batch_size": 32,
  "cnn_filters": [
    16,
    32
  ],
  "cnn_kernel_sizes": [
    3,
    5
  ],
  "dropout": 0.1556883601830658,
  "learning_rate": 0.003781541698199295,
  "lstm_units": 100,
  "num_epochs": 10
}