{
  "batch_size": 32,
  "cnn_filters": [
    64,
    128
  ],
  "cnn_kernel_sizes": [
    5,
    5
  ],
  "dropout": 0.36649178187971965,
  "learning_rate": 0.00013323866080982175,
  "lstm_units": 32,
  "num_epochs": 10
}