{
  "batch_size": 32,
  "cnn_filters": [
    32,
    64
  ],
  "cnn_kernel_sizes": [
    3,
    5
  ],
  "dropout": 0.23487058577793518,
  "learning_rate": 0.002303269433172712,
  "lstm_units": 50,
  "num_epochs": 20
}