{
  "batch_size": 32,
  "cnn_filters": [
    64,
    128
  ],
  "cnn_kernel_sizes": [
    3,
    5
  ],
  "dropout": 0.2383337334290365,
  "learning_rate": 0.005879878901084584,
  "lstm_units": 50,
  "num_epochs": 10
}