{
  "batch_size": 32,
  "cnn_filters": [
    16,
    32
  ],
  "cnn_kernel_sizes": [
    5,
    5
  ],
  "dropout": 0.26035742641558113,
  "learning_rate": 0.0011239745246378842,
  "lstm_units": 100,
  "num_epochs": 20
}