{
  "batch_size": 32,
  "cnn_filters": [
    16,
    32
  ],
  "cnn_kernel_sizes": [
    5,
    5
  ],
  "dropout": 0.12605023854520297,
  "learning_rate": 0.00012660499925689638,
  "lstm_units": 50,
  "num_epochs": 20
}