{
  "batch_size": 32,
  "cnn_filters": [
    32,
    64
  ],
  "cnn_kernel_sizes": [
    3,
    5
  ],
  "dropout": 0.16002799968743686,
  "learning_rate": 0.00015928887056765716,
  "lstm_units": 100,
  "num_epochs": 20
}