{
  "batch_size": 16,
  "cnn_filters": [
    16,
    32
  ],
  "cnn_kernel_sizes": [
    5,
    5
  ],
  "dropout": 0.2907092549048842,
  "learning_rate": 0.0006369031606160811,
  "lstm_units": 50,
  "num_epochs": 20
}