{
  "batch_size": 64,
  "cnn_filters": [
    16,
    32
  ],
  "cnn_kernel_sizes": [
    5,
    5
  ],
  "dropout": 0.16361007439610603,
  "learning_rate": 0.0006139955899877242,
  "lstm_units": 32,
  "num_epochs": 10
}